"avg","median","stdev","iqr"
17.7772079207921,17.59,2.30104512278225,2.14
